Student_Id,Linkedin account,facebok account
1,https://www.linkedin.com/in/reham-essam-7204a71a3/,https://www.facebook.com/profile.php?id=100004052610276
2,https://www.linkedin.com/in/basma-bassem-909466204/,https://www.facebook.com/bassma.bassm.9
3,https://www.linkedin.com/in/ahmed-marzouk-53b954275?utm_source=share&utm_campaign=share_via&utm_content=profile&utm_medium=android_app,https://www.facebook.com/profile.php?id=100010648067034
4,https://www.linkedin.com/in/ali-omar-028532219?utm_source=share&utm_campaign=share_via&utm_content=profile&utm_medium=android_app,https://www.facebook.com/aly.omar1997
5,https://www.linkedin.com/in/reham-essam-7204a71a3/,https://www.facebook.com/profile.php?id=100004052610276
6,https://www.linkedin.com/in/basma-bassem-909466204/,https://www.facebook.com/bassma.bassm.11
7,https://www.linkedin.com/in/ahmed-marzouk-53b954275?utm_source=share&utm_campaign=share_via&utm_content=profile&utm_medium=android_app,https://www.facebook.com/profile.php?id=100004052610276
8,https://www.linkedin.com/in/ali-omar-028532219?utm_source=share&utm_campaign=share_via&utm_content=profile&utm_medium=android_app,https://www.facebook.com/bassma.bassm.12
9,https://www.linkedin.com/in/reham-essam-7204a71a3/,https://www.facebook.com/profile.php?id=100004052610276
10,https://www.linkedin.com/in/basma-bassem-909466204/,https://www.facebook.com/bassma.bassm.13
11,https://www.linkedin.com/in/ahmed-marzouk-53b954275?utm_source=share&utm_campaign=share_via&utm_content=profile&utm_medium=android_app,https://www.facebook.com/profile.php?id=100004052610276
12,https://www.linkedin.com/in/ali-omar-028532219?utm_source=share&utm_campaign=share_via&utm_content=profile&utm_medium=android_app,https://www.facebook.com/bassma.bassm.14
13,https://www.linkedin.com/in/reham-essam-7204a71a3/,https://www.facebook.com/profile.php?id=100004052610276
14,https://www.linkedin.com/in/basma-bassem-909466204/,https://www.facebook.com/bassma.bassm.15
15,https://www.linkedin.com/in/ahmed-marzouk-53b954275?utm_source=share&utm_campaign=share_via&utm_content=profile&utm_medium=android_app,https://www.facebook.com/profile.php?id=100004052610276
16,https://www.linkedin.com/in/ali-omar-028532219?utm_source=share&utm_campaign=share_via&utm_content=profile&utm_medium=android_app,https://www.facebook.com/bassma.bassm.16
17,https://www.linkedin.com/in/reham-essam-7204a71a3/,https://www.facebook.com/profile.php?id=100004052610276
18,https://www.linkedin.com/in/basma-bassem-909466204/,https://www.facebook.com/bassma.bassm.17
19,https://www.linkedin.com/in/ahmed-marzouk-53b954275?utm_source=share&utm_campaign=share_via&utm_content=profile&utm_medium=android_app,https://www.facebook.com/profile.php?id=100004052610276
20,https://www.linkedin.com/in/ali-omar-028532219?utm_source=share&utm_campaign=share_via&utm_content=profile&utm_medium=android_app,https://www.facebook.com/bassma.bassm.18
21,https://www.linkedin.com/in/reham-essam-7204a71a3/,https://www.facebook.com/profile.php?id=100004052610276
22,https://www.linkedin.com/in/basma-bassem-909466204/,https://www.facebook.com/bassma.bassm.19
23,https://www.linkedin.com/in/ahmed-marzouk-53b954275?utm_source=share&utm_campaign=share_via&utm_content=profile&utm_medium=android_app,https://www.facebook.com/profile.php?id=100004052610276
24,https://www.linkedin.com/in/ali-omar-028532219?utm_source=share&utm_campaign=share_via&utm_content=profile&utm_medium=android_app,https://www.facebook.com/bassma.bassm.20
25,https://www.linkedin.com/in/reham-essam-7204a71a3/,https://www.facebook.com/profile.php?id=100004052610276
26,https://www.linkedin.com/in/basma-bassem-909466204/,https://www.facebook.com/bassma.bassm.21
27,https://www.linkedin.com/in/ahmed-marzouk-53b954275?utm_source=share&utm_campaign=share_via&utm_content=profile&utm_medium=android_app,https://www.facebook.com/profile.php?id=100004052610276
28,https://www.linkedin.com/in/ali-omar-028532219?utm_source=share&utm_campaign=share_via&utm_content=profile&utm_medium=android_app,https://www.facebook.com/bassma.bassm.22
29,https://www.linkedin.com/in/reham-essam-7204a71a3/,https://www.facebook.com/profile.php?id=100004052610276
30,https://www.linkedin.com/in/basma-bassem-909466204/,https://www.facebook.com/bassma.bassm.23
31,https://www.linkedin.com/in/ahmed-marzouk-53b954275?utm_source=share&utm_campaign=share_via&utm_content=profile&utm_medium=android_app,https://www.facebook.com/profile.php?id=100004052610276
32,https://www.linkedin.com/in/ali-omar-028532219?utm_source=share&utm_campaign=share_via&utm_content=profile&utm_medium=android_app,https://www.facebook.com/bassma.bassm.24
33,https://www.linkedin.com/in/reham-essam-7204a71a3/,https://www.facebook.com/profile.php?id=100004052610276
34,https://www.linkedin.com/in/basma-bassem-909466204/,https://www.facebook.com/bassma.bassm.25
35,https://www.linkedin.com/in/ahmed-marzouk-53b954275?utm_source=share&utm_campaign=share_via&utm_content=profile&utm_medium=android_app,https://www.facebook.com/profile.php?id=100004052610276
36,https://www.linkedin.com/in/ali-omar-028532219?utm_source=share&utm_campaign=share_via&utm_content=profile&utm_medium=android_app,https://www.facebook.com/bassma.bassm.26
37,https://www.linkedin.com/in/reham-essam-7204a71a3/,https://www.facebook.com/profile.php?id=100004052610276
38,https://www.linkedin.com/in/basma-bassem-909466204/,https://www.facebook.com/bassma.bassm.27
39,https://www.linkedin.com/in/ahmed-marzouk-53b954275?utm_source=share&utm_campaign=share_via&utm_content=profile&utm_medium=android_app,https://www.facebook.com/profile.php?id=100004052610276
40,https://www.linkedin.com/in/ali-omar-028532219?utm_source=share&utm_campaign=share_via&utm_content=profile&utm_medium=android_app,https://www.facebook.com/bassma.bassm.28
41,https://www.linkedin.com/in/reham-essam-7204a71a3/,https://www.facebook.com/profile.php?id=100004052610276
42,https://www.linkedin.com/in/basma-bassem-909466204/,https://www.facebook.com/bassma.bassm.29
43,https://www.linkedin.com/in/ahmed-marzouk-53b954275?utm_source=share&utm_campaign=share_via&utm_content=profile&utm_medium=android_app,https://www.facebook.com/profile.php?id=100004052610276
44,https://www.linkedin.com/in/ali-omar-028532219?utm_source=share&utm_campaign=share_via&utm_content=profile&utm_medium=android_app,https://www.facebook.com/bassma.bassm.30
45,https://www.linkedin.com/in/reham-essam-7204a71a3/,https://www.facebook.com/profile.php?id=100004052610276
46,https://www.linkedin.com/in/basma-bassem-909466204/,https://www.facebook.com/bassma.bassm.31
47,https://www.linkedin.com/in/ahmed-marzouk-53b954275?utm_source=share&utm_campaign=share_via&utm_content=profile&utm_medium=android_app,https://www.facebook.com/profile.php?id=100004052610276
48,https://www.linkedin.com/in/ali-omar-028532219?utm_source=share&utm_campaign=share_via&utm_content=profile&utm_medium=android_app,https://www.facebook.com/bassma.bassm.32
49,https://www.linkedin.com/in/reham-essam-7204a71a3/,https://www.facebook.com/profile.php?id=100004052610276
50,https://www.linkedin.com/in/basma-bassem-909466204/,https://www.facebook.com/bassma.bassm.33
51,https://www.linkedin.com/in/ahmed-marzouk-53b954275?utm_source=share&utm_campaign=share_via&utm_content=profile&utm_medium=android_app,https://www.facebook.com/profile.php?id=100004052610276
52,https://www.linkedin.com/in/ali-omar-028532219?utm_source=share&utm_campaign=share_via&utm_content=profile&utm_medium=android_app,https://www.facebook.com/bassma.bassm.34
53,https://www.linkedin.com/in/reham-essam-7204a71a3/,https://www.facebook.com/profile.php?id=100004052610276
54,https://www.linkedin.com/in/basma-bassem-909466204/,https://www.facebook.com/bassma.bassm.35
55,https://www.linkedin.com/in/ahmed-marzouk-53b954275?utm_source=share&utm_campaign=share_via&utm_content=profile&utm_medium=android_app,https://www.facebook.com/profile.php?id=100004052610276
56,https://www.linkedin.com/in/ali-omar-028532219?utm_source=share&utm_campaign=share_via&utm_content=profile&utm_medium=android_app,https://www.facebook.com/bassma.bassm.36
57,https://www.linkedin.com/in/reham-essam-7204a71a3/,https://www.facebook.com/profile.php?id=100004052610276
58,https://www.linkedin.com/in/basma-bassem-909466204/,https://www.facebook.com/bassma.bassm.37
59,https://www.linkedin.com/in/ahmed-marzouk-53b954275?utm_source=share&utm_campaign=share_via&utm_content=profile&utm_medium=android_app,https://www.facebook.com/profile.php?id=100004052610276
60,https://www.linkedin.com/in/ali-omar-028532219?utm_source=share&utm_campaign=share_via&utm_content=profile&utm_medium=android_app,https://www.facebook.com/bassma.bassm.38
61,https://www.linkedin.com/in/reham-essam-7204a71a3/,https://www.facebook.com/profile.php?id=100004052610276
62,https://www.linkedin.com/in/basma-bassem-909466204/,https://www.facebook.com/bassma.bassm.39
63,https://www.linkedin.com/in/ahmed-marzouk-53b954275?utm_source=share&utm_campaign=share_via&utm_content=profile&utm_medium=android_app,https://www.facebook.com/profile.php?id=100004052610276
64,https://www.linkedin.com/in/ali-omar-028532219?utm_source=share&utm_campaign=share_via&utm_content=profile&utm_medium=android_app,https://www.facebook.com/bassma.bassm.40
65,https://www.linkedin.com/in/reham-essam-7204a71a3/,https://www.facebook.com/profile.php?id=100004052610276
66,https://www.linkedin.com/in/basma-bassem-909466204/,https://www.facebook.com/bassma.bassm.41
67,https://www.linkedin.com/in/ahmed-marzouk-53b954275?utm_source=share&utm_campaign=share_via&utm_content=profile&utm_medium=android_app,https://www.facebook.com/profile.php?id=100004052610276
68,https://www.linkedin.com/in/ali-omar-028532219?utm_source=share&utm_campaign=share_via&utm_content=profile&utm_medium=android_app,https://www.facebook.com/bassma.bassm.42
69,https://www.linkedin.com/in/reham-essam-7204a71a3/,https://www.facebook.com/profile.php?id=100004052610276
70,https://www.linkedin.com/in/basma-bassem-909466204/,https://www.facebook.com/bassma.bassm.43
71,https://www.linkedin.com/in/ahmed-marzouk-53b954275?utm_source=share&utm_campaign=share_via&utm_content=profile&utm_medium=android_app,https://www.facebook.com/profile.php?id=100004052610276
72,https://www.linkedin.com/in/ali-omar-028532219?utm_source=share&utm_campaign=share_via&utm_content=profile&utm_medium=android_app,https://www.facebook.com/bassma.bassm.44
73,https://www.linkedin.com/in/reham-essam-7204a71a3/,https://www.facebook.com/profile.php?id=100004052610276
74,https://www.linkedin.com/in/basma-bassem-909466204/,https://www.facebook.com/bassma.bassm.45
75,https://www.linkedin.com/in/ahmed-marzouk-53b954275?utm_source=share&utm_campaign=share_via&utm_content=profile&utm_medium=android_app,https://www.facebook.com/profile.php?id=100004052610276
76,https://www.linkedin.com/in/ali-omar-028532219?utm_source=share&utm_campaign=share_via&utm_content=profile&utm_medium=android_app,https://www.facebook.com/bassma.bassm.46
77,https://www.linkedin.com/in/reham-essam-7204a71a3/,https://www.facebook.com/profile.php?id=100004052610276
78,https://www.linkedin.com/in/basma-bassem-909466204/,https://www.facebook.com/bassma.bassm.47
79,https://www.linkedin.com/in/ahmed-marzouk-53b954275?utm_source=share&utm_campaign=share_via&utm_content=profile&utm_medium=android_app,https://www.facebook.com/profile.php?id=100004052610276
80,https://www.linkedin.com/in/ali-omar-028532219?utm_source=share&utm_campaign=share_via&utm_content=profile&utm_medium=android_app,https://www.facebook.com/bassma.bassm.48
81,https://www.linkedin.com/in/reham-essam-7204a71a3/,https://www.facebook.com/profile.php?id=100004052610276
82,https://www.linkedin.com/in/basma-bassem-909466204/,https://www.facebook.com/bassma.bassm.49
83,https://www.linkedin.com/in/ahmed-marzouk-53b954275?utm_source=share&utm_campaign=share_via&utm_content=profile&utm_medium=android_app,https://www.facebook.com/profile.php?id=100004052610276
84,https://www.linkedin.com/in/ali-omar-028532219?utm_source=share&utm_campaign=share_via&utm_content=profile&utm_medium=android_app,https://www.facebook.com/bassma.bassm.50
85,https://www.linkedin.com/in/reham-essam-7204a71a3/,https://www.facebook.com/profile.php?id=100004052610276
86,https://www.linkedin.com/in/basma-bassem-909466204/,https://www.facebook.com/bassma.bassm.51
87,https://www.linkedin.com/in/ahmed-marzouk-53b954275?utm_source=share&utm_campaign=share_via&utm_content=profile&utm_medium=android_app,https://www.facebook.com/profile.php?id=100004052610276
88,https://www.linkedin.com/in/ali-omar-028532219?utm_source=share&utm_campaign=share_via&utm_content=profile&utm_medium=android_app,https://www.facebook.com/bassma.bassm.52
89,https://www.linkedin.com/in/reham-essam-7204a71a3/,https://www.facebook.com/profile.php?id=100004052610276
90,https://www.linkedin.com/in/basma-bassem-909466204/,https://www.facebook.com/bassma.bassm.53
91,https://www.linkedin.com/in/ahmed-marzouk-53b954275?utm_source=share&utm_campaign=share_via&utm_content=profile&utm_medium=android_app,https://www.facebook.com/profile.php?id=100004052610276
92,https://www.linkedin.com/in/ali-omar-028532219?utm_source=share&utm_campaign=share_via&utm_content=profile&utm_medium=android_app,https://www.facebook.com/bassma.bassm.54
93,https://www.linkedin.com/in/reham-essam-7204a71a3/,https://www.facebook.com/profile.php?id=100004052610276
94,https://www.linkedin.com/in/basma-bassem-909466204/,https://www.facebook.com/bassma.bassm.55
95,https://www.linkedin.com/in/ahmed-marzouk-53b954275?utm_source=share&utm_campaign=share_via&utm_content=profile&utm_medium=android_app,https://www.facebook.com/profile.php?id=100004052610276
96,https://www.linkedin.com/in/ali-omar-028532219?utm_source=share&utm_campaign=share_via&utm_content=profile&utm_medium=android_app,https://www.facebook.com/bassma.bassm.56
97,https://www.linkedin.com/in/reham-essam-7204a71a3/,https://www.facebook.com/profile.php?id=100004052610276
98,https://www.linkedin.com/in/basma-bassem-909466204/,https://www.facebook.com/bassma.bassm.57
99,https://www.linkedin.com/in/ahmed-marzouk-53b954275?utm_source=share&utm_campaign=share_via&utm_content=profile&utm_medium=android_app,https://www.facebook.com/profile.php?id=100004052610276
100,https://www.linkedin.com/in/ali-omar-028532219?utm_source=share&utm_campaign=share_via&utm_content=profile&utm_medium=android_app,https://www.facebook.com/bassma.bassm.58
101,https://www.linkedin.com/in/reham-essam-7204a71a3/,https://www.facebook.com/profile.php?id=100004052610276
102,https://www.linkedin.com/in/basma-bassem-909466204/,https://www.facebook.com/bassma.bassm.59
103,https://www.linkedin.com/in/ahmed-marzouk-53b954275?utm_source=share&utm_campaign=share_via&utm_content=profile&utm_medium=android_app,https://www.facebook.com/profile.php?id=100004052610276
104,https://www.linkedin.com/in/ali-omar-028532219?utm_source=share&utm_campaign=share_via&utm_content=profile&utm_medium=android_app,https://www.facebook.com/bassma.bassm.60
105,https://www.linkedin.com/in/reham-essam-7204a71a3/,https://www.facebook.com/profile.php?id=100004052610276
106,https://www.linkedin.com/in/basma-bassem-909466204/,https://www.facebook.com/bassma.bassm.61
107,https://www.linkedin.com/in/ahmed-marzouk-53b954275?utm_source=share&utm_campaign=share_via&utm_content=profile&utm_medium=android_app,https://www.facebook.com/profile.php?id=100004052610276
108,https://www.linkedin.com/in/ali-omar-028532219?utm_source=share&utm_campaign=share_via&utm_content=profile&utm_medium=android_app,https://www.facebook.com/bassma.bassm.62
109,https://www.linkedin.com/in/reham-essam-7204a71a3/,https://www.facebook.com/profile.php?id=100004052610276
110,https://www.linkedin.com/in/basma-bassem-909466204/,https://www.facebook.com/bassma.bassm.63
111,https://www.linkedin.com/in/ahmed-marzouk-53b954275?utm_source=share&utm_campaign=share_via&utm_content=profile&utm_medium=android_app,https://www.facebook.com/profile.php?id=100004052610276
112,https://www.linkedin.com/in/ali-omar-028532219?utm_source=share&utm_campaign=share_via&utm_content=profile&utm_medium=android_app,https://www.facebook.com/bassma.bassm.64
113,https://www.linkedin.com/in/reham-essam-7204a71a3/,https://www.facebook.com/profile.php?id=100004052610276
114,https://www.linkedin.com/in/basma-bassem-909466204/,https://www.facebook.com/bassma.bassm.65
115,https://www.linkedin.com/in/ahmed-marzouk-53b954275?utm_source=share&utm_campaign=share_via&utm_content=profile&utm_medium=android_app,https://www.facebook.com/profile.php?id=100004052610276
116,https://www.linkedin.com/in/ali-omar-028532219?utm_source=share&utm_campaign=share_via&utm_content=profile&utm_medium=android_app,https://www.facebook.com/bassma.bassm.66
117,https://www.linkedin.com/in/reham-essam-7204a71a3/,https://www.facebook.com/profile.php?id=100004052610276
118,https://www.linkedin.com/in/basma-bassem-909466204/,https://www.facebook.com/bassma.bassm.67
119,https://www.linkedin.com/in/ahmed-marzouk-53b954275?utm_source=share&utm_campaign=share_via&utm_content=profile&utm_medium=android_app,https://www.facebook.com/profile.php?id=100004052610276
120,https://www.linkedin.com/in/ali-omar-028532219?utm_source=share&utm_campaign=share_via&utm_content=profile&utm_medium=android_app,https://www.facebook.com/bassma.bassm.68
121,https://www.linkedin.com/in/reham-essam-7204a71a3/,https://www.facebook.com/profile.php?id=100004052610276
122,https://www.linkedin.com/in/basma-bassem-909466204/,https://www.facebook.com/bassma.bassm.69
123,https://www.linkedin.com/in/ahmed-marzouk-53b954275?utm_source=share&utm_campaign=share_via&utm_content=profile&utm_medium=android_app,https://www.facebook.com/profile.php?id=100004052610276
124,https://www.linkedin.com/in/ali-omar-028532219?utm_source=share&utm_campaign=share_via&utm_content=profile&utm_medium=android_app,https://www.facebook.com/bassma.bassm.70
125,https://www.linkedin.com/in/reham-essam-7204a71a3/,https://www.facebook.com/profile.php?id=100004052610276
126,https://www.linkedin.com/in/basma-bassem-909466204/,https://www.facebook.com/bassma.bassm.71
127,https://www.linkedin.com/in/ahmed-marzouk-53b954275?utm_source=share&utm_campaign=share_via&utm_content=profile&utm_medium=android_app,https://www.facebook.com/profile.php?id=100004052610276
128,https://www.linkedin.com/in/ali-omar-028532219?utm_source=share&utm_campaign=share_via&utm_content=profile&utm_medium=android_app,https://www.facebook.com/bassma.bassm.72
129,https://www.linkedin.com/in/reham-essam-7204a71a3/,https://www.facebook.com/profile.php?id=100004052610276
130,https://www.linkedin.com/in/basma-bassem-909466204/,https://www.facebook.com/bassma.bassm.73
131,https://www.linkedin.com/in/ahmed-marzouk-53b954275?utm_source=share&utm_campaign=share_via&utm_content=profile&utm_medium=android_app,https://www.facebook.com/profile.php?id=100004052610276
132,https://www.linkedin.com/in/ali-omar-028532219?utm_source=share&utm_campaign=share_via&utm_content=profile&utm_medium=android_app,https://www.facebook.com/bassma.bassm.74
133,https://www.linkedin.com/in/reham-essam-7204a71a3/,https://www.facebook.com/profile.php?id=100004052610276
134,https://www.linkedin.com/in/basma-bassem-909466204/,https://www.facebook.com/bassma.bassm.75
135,https://www.linkedin.com/in/ahmed-marzouk-53b954275?utm_source=share&utm_campaign=share_via&utm_content=profile&utm_medium=android_app,https://www.facebook.com/profile.php?id=100004052610276
136,https://www.linkedin.com/in/ali-omar-028532219?utm_source=share&utm_campaign=share_via&utm_content=profile&utm_medium=android_app,https://www.facebook.com/bassma.bassm.76
137,https://www.linkedin.com/in/reham-essam-7204a71a3/,https://www.facebook.com/profile.php?id=100004052610276
138,https://www.linkedin.com/in/basma-bassem-909466204/,https://www.facebook.com/bassma.bassm.77
139,https://www.linkedin.com/in/ahmed-marzouk-53b954275?utm_source=share&utm_campaign=share_via&utm_content=profile&utm_medium=android_app,https://www.facebook.com/profile.php?id=100004052610276
140,https://www.linkedin.com/in/ali-omar-028532219?utm_source=share&utm_campaign=share_via&utm_content=profile&utm_medium=android_app,https://www.facebook.com/bassma.bassm.78
141,https://www.linkedin.com/in/reham-essam-7204a71a3/,https://www.facebook.com/profile.php?id=100004052610276
142,https://www.linkedin.com/in/basma-bassem-909466204/,https://www.facebook.com/bassma.bassm.79
143,https://www.linkedin.com/in/ahmed-marzouk-53b954275?utm_source=share&utm_campaign=share_via&utm_content=profile&utm_medium=android_app,https://www.facebook.com/profile.php?id=100004052610276
144,https://www.linkedin.com/in/ali-omar-028532219?utm_source=share&utm_campaign=share_via&utm_content=profile&utm_medium=android_app,https://www.facebook.com/bassma.bassm.80
145,https://www.linkedin.com/in/reham-essam-7204a71a3/,https://www.facebook.com/profile.php?id=100004052610276
146,https://www.linkedin.com/in/basma-bassem-909466204/,https://www.facebook.com/bassma.bassm.81
147,https://www.linkedin.com/in/ahmed-marzouk-53b954275?utm_source=share&utm_campaign=share_via&utm_content=profile&utm_medium=android_app,https://www.facebook.com/profile.php?id=100004052610276
148,https://www.linkedin.com/in/ali-omar-028532219?utm_source=share&utm_campaign=share_via&utm_content=profile&utm_medium=android_app,https://www.facebook.com/bassma.bassm.82
149,https://www.linkedin.com/in/reham-essam-7204a71a3/,https://www.facebook.com/profile.php?id=100004052610276
150,https://www.linkedin.com/in/basma-bassem-909466204/,https://www.facebook.com/bassma.bassm.83
151,https://www.linkedin.com/in/ahmed-marzouk-53b954275?utm_source=share&utm_campaign=share_via&utm_content=profile&utm_medium=android_app,https://www.facebook.com/profile.php?id=100004052610276
152,https://www.linkedin.com/in/ali-omar-028532219?utm_source=share&utm_campaign=share_via&utm_content=profile&utm_medium=android_app,https://www.facebook.com/bassma.bassm.84
153,https://www.linkedin.com/in/reham-essam-7204a71a3/,https://www.facebook.com/profile.php?id=100004052610276
154,https://www.linkedin.com/in/basma-bassem-909466204/,https://www.facebook.com/bassma.bassm.85
155,https://www.linkedin.com/in/ahmed-marzouk-53b954275?utm_source=share&utm_campaign=share_via&utm_content=profile&utm_medium=android_app,https://www.facebook.com/profile.php?id=100004052610276
156,https://www.linkedin.com/in/ali-omar-028532219?utm_source=share&utm_campaign=share_via&utm_content=profile&utm_medium=android_app,https://www.facebook.com/bassma.bassm.86
157,https://www.linkedin.com/in/reham-essam-7204a71a3/,https://www.facebook.com/profile.php?id=100004052610276
158,https://www.linkedin.com/in/basma-bassem-909466204/,https://www.facebook.com/bassma.bassm.87
159,https://www.linkedin.com/in/ahmed-marzouk-53b954275?utm_source=share&utm_campaign=share_via&utm_content=profile&utm_medium=android_app,https://www.facebook.com/profile.php?id=100004052610276
160,https://www.linkedin.com/in/ali-omar-028532219?utm_source=share&utm_campaign=share_via&utm_content=profile&utm_medium=android_app,https://www.facebook.com/bassma.bassm.88
161,https://www.linkedin.com/in/reham-essam-7204a71a3/,https://www.facebook.com/profile.php?id=100004052610276
162,https://www.linkedin.com/in/basma-bassem-909466204/,https://www.facebook.com/bassma.bassm.89
163,https://www.linkedin.com/in/ahmed-marzouk-53b954275?utm_source=share&utm_campaign=share_via&utm_content=profile&utm_medium=android_app,https://www.facebook.com/profile.php?id=100004052610276
164,https://www.linkedin.com/in/ali-omar-028532219?utm_source=share&utm_campaign=share_via&utm_content=profile&utm_medium=android_app,https://www.facebook.com/bassma.bassm.90
165,https://www.linkedin.com/in/reham-essam-7204a71a3/,https://www.facebook.com/profile.php?id=100004052610276
166,https://www.linkedin.com/in/basma-bassem-909466204/,https://www.facebook.com/bassma.bassm.91
167,https://www.linkedin.com/in/ahmed-marzouk-53b954275?utm_source=share&utm_campaign=share_via&utm_content=profile&utm_medium=android_app,https://www.facebook.com/profile.php?id=100004052610276
168,https://www.linkedin.com/in/ali-omar-028532219?utm_source=share&utm_campaign=share_via&utm_content=profile&utm_medium=android_app,https://www.facebook.com/bassma.bassm.92
169,https://www.linkedin.com/in/reham-essam-7204a71a3/,https://www.facebook.com/profile.php?id=100004052610276
170,https://www.linkedin.com/in/basma-bassem-909466204/,https://www.facebook.com/bassma.bassm.93
171,https://www.linkedin.com/in/ahmed-marzouk-53b954275?utm_source=share&utm_campaign=share_via&utm_content=profile&utm_medium=android_app,https://www.facebook.com/profile.php?id=100004052610276
172,https://www.linkedin.com/in/ali-omar-028532219?utm_source=share&utm_campaign=share_via&utm_content=profile&utm_medium=android_app,https://www.facebook.com/bassma.bassm.94
173,https://www.linkedin.com/in/reham-essam-7204a71a3/,https://www.facebook.com/profile.php?id=100004052610276
174,https://www.linkedin.com/in/basma-bassem-909466204/,https://www.facebook.com/bassma.bassm.95
175,https://www.linkedin.com/in/ahmed-marzouk-53b954275?utm_source=share&utm_campaign=share_via&utm_content=profile&utm_medium=android_app,https://www.facebook.com/profile.php?id=100004052610276
176,https://www.linkedin.com/in/ali-omar-028532219?utm_source=share&utm_campaign=share_via&utm_content=profile&utm_medium=android_app,https://www.facebook.com/bassma.bassm.96
177,https://www.linkedin.com/in/reham-essam-7204a71a3/,https://www.facebook.com/profile.php?id=100004052610276
178,https://www.linkedin.com/in/basma-bassem-909466204/,https://www.facebook.com/bassma.bassm.97
179,https://www.linkedin.com/in/ahmed-marzouk-53b954275?utm_source=share&utm_campaign=share_via&utm_content=profile&utm_medium=android_app,https://www.facebook.com/profile.php?id=100004052610276
180,https://www.linkedin.com/in/ali-omar-028532219?utm_source=share&utm_campaign=share_via&utm_content=profile&utm_medium=android_app,https://www.facebook.com/bassma.bassm.98
181,https://www.linkedin.com/in/reham-essam-7204a71a3/,https://www.facebook.com/profile.php?id=100004052610276
182,https://www.linkedin.com/in/basma-bassem-909466204/,https://www.facebook.com/bassma.bassm.99
183,https://www.linkedin.com/in/ahmed-marzouk-53b954275?utm_source=share&utm_campaign=share_via&utm_content=profile&utm_medium=android_app,https://www.facebook.com/profile.php?id=100004052610276
184,https://www.linkedin.com/in/ali-omar-028532219?utm_source=share&utm_campaign=share_via&utm_content=profile&utm_medium=android_app,https://www.facebook.com/bassma.bassm.100
185,https://www.linkedin.com/in/reham-essam-7204a71a3/,https://www.facebook.com/profile.php?id=100004052610276
186,https://www.linkedin.com/in/basma-bassem-909466204/,https://www.facebook.com/bassma.bassm.101
187,https://www.linkedin.com/in/ahmed-marzouk-53b954275?utm_source=share&utm_campaign=share_via&utm_content=profile&utm_medium=android_app,https://www.facebook.com/profile.php?id=100004052610276
188,https://www.linkedin.com/in/ali-omar-028532219?utm_source=share&utm_campaign=share_via&utm_content=profile&utm_medium=android_app,https://www.facebook.com/bassma.bassm.102
189,https://www.linkedin.com/in/reham-essam-7204a71a3/,https://www.facebook.com/profile.php?id=100004052610276
190,https://www.linkedin.com/in/basma-bassem-909466204/,https://www.facebook.com/bassma.bassm.103
191,https://www.linkedin.com/in/ahmed-marzouk-53b954275?utm_source=share&utm_campaign=share_via&utm_content=profile&utm_medium=android_app,https://www.facebook.com/profile.php?id=100004052610276
192,https://www.linkedin.com/in/ali-omar-028532219?utm_source=share&utm_campaign=share_via&utm_content=profile&utm_medium=android_app,https://www.facebook.com/bassma.bassm.104
193,https://www.linkedin.com/in/reham-essam-7204a71a3/,https://www.facebook.com/profile.php?id=100004052610276
194,https://www.linkedin.com/in/basma-bassem-909466204/,https://www.facebook.com/bassma.bassm.105
195,https://www.linkedin.com/in/ahmed-marzouk-53b954275?utm_source=share&utm_campaign=share_via&utm_content=profile&utm_medium=android_app,https://www.facebook.com/profile.php?id=100004052610276
196,https://www.linkedin.com/in/ali-omar-028532219?utm_source=share&utm_campaign=share_via&utm_content=profile&utm_medium=android_app,https://www.facebook.com/bassma.bassm.106
197,https://www.linkedin.com/in/reham-essam-7204a71a3/,https://www.facebook.com/profile.php?id=100004052610276
198,https://www.linkedin.com/in/basma-bassem-909466204/,https://www.facebook.com/bassma.bassm.107
199,https://www.linkedin.com/in/ahmed-marzouk-53b954275?utm_source=share&utm_campaign=share_via&utm_content=profile&utm_medium=android_app,https://www.facebook.com/profile.php?id=100004052610276
200,https://www.linkedin.com/in/ali-omar-028532219?utm_source=share&utm_campaign=share_via&utm_content=profile&utm_medium=android_app,https://www.facebook.com/bassma.bassm.108
201,https://www.linkedin.com/in/reham-essam-7204a71a3/,https://www.facebook.com/profile.php?id=100004052610276
202,https://www.linkedin.com/in/basma-bassem-909466204/,https://www.facebook.com/bassma.bassm.109
203,https://www.linkedin.com/in/ahmed-marzouk-53b954275?utm_source=share&utm_campaign=share_via&utm_content=profile&utm_medium=android_app,https://www.facebook.com/profile.php?id=100004052610276
204,https://www.linkedin.com/in/ali-omar-028532219?utm_source=share&utm_campaign=share_via&utm_content=profile&utm_medium=android_app,https://www.facebook.com/bassma.bassm.110
205,https://www.linkedin.com/in/reham-essam-7204a71a3/,https://www.facebook.com/profile.php?id=100004052610276
206,https://www.linkedin.com/in/basma-bassem-909466204/,https://www.facebook.com/bassma.bassm.111
207,https://www.linkedin.com/in/ahmed-marzouk-53b954275?utm_source=share&utm_campaign=share_via&utm_content=profile&utm_medium=android_app,https://www.facebook.com/profile.php?id=100004052610276
208,https://www.linkedin.com/in/ali-omar-028532219?utm_source=share&utm_campaign=share_via&utm_content=profile&utm_medium=android_app,https://www.facebook.com/bassma.bassm.112
209,https://www.linkedin.com/in/reham-essam-7204a71a3/,https://www.facebook.com/profile.php?id=100004052610276
210,https://www.linkedin.com/in/basma-bassem-909466204/,https://www.facebook.com/bassma.bassm.113
211,https://www.linkedin.com/in/ahmed-marzouk-53b954275?utm_source=share&utm_campaign=share_via&utm_content=profile&utm_medium=android_app,https://www.facebook.com/profile.php?id=100004052610276
212,https://www.linkedin.com/in/ali-omar-028532219?utm_source=share&utm_campaign=share_via&utm_content=profile&utm_medium=android_app,https://www.facebook.com/bassma.bassm.114
213,https://www.linkedin.com/in/reham-essam-7204a71a3/,https://www.facebook.com/profile.php?id=100004052610276
214,https://www.linkedin.com/in/basma-bassem-909466204/,https://www.facebook.com/bassma.bassm.115
215,https://www.linkedin.com/in/ahmed-marzouk-53b954275?utm_source=share&utm_campaign=share_via&utm_content=profile&utm_medium=android_app,https://www.facebook.com/profile.php?id=100004052610276
216,https://www.linkedin.com/in/ali-omar-028532219?utm_source=share&utm_campaign=share_via&utm_content=profile&utm_medium=android_app,https://www.facebook.com/bassma.bassm.116
217,https://www.linkedin.com/in/reham-essam-7204a71a3/,https://www.facebook.com/profile.php?id=100004052610276
218,https://www.linkedin.com/in/basma-bassem-909466204/,https://www.facebook.com/bassma.bassm.117
219,https://www.linkedin.com/in/ahmed-marzouk-53b954275?utm_source=share&utm_campaign=share_via&utm_content=profile&utm_medium=android_app,https://www.facebook.com/profile.php?id=100004052610276
220,https://www.linkedin.com/in/ali-omar-028532219?utm_source=share&utm_campaign=share_via&utm_content=profile&utm_medium=android_app,https://www.facebook.com/bassma.bassm.118
221,https://www.linkedin.com/in/reham-essam-7204a71a3/,https://www.facebook.com/profile.php?id=100004052610276
222,https://www.linkedin.com/in/basma-bassem-909466204/,https://www.facebook.com/bassma.bassm.119
223,https://www.linkedin.com/in/ahmed-marzouk-53b954275?utm_source=share&utm_campaign=share_via&utm_content=profile&utm_medium=android_app,https://www.facebook.com/profile.php?id=100004052610276
224,https://www.linkedin.com/in/ali-omar-028532219?utm_source=share&utm_campaign=share_via&utm_content=profile&utm_medium=android_app,https://www.facebook.com/bassma.bassm.120
225,https://www.linkedin.com/in/reham-essam-7204a71a3/,https://www.facebook.com/profile.php?id=100004052610276
226,https://www.linkedin.com/in/basma-bassem-909466204/,https://www.facebook.com/bassma.bassm.121
227,https://www.linkedin.com/in/ahmed-marzouk-53b954275?utm_source=share&utm_campaign=share_via&utm_content=profile&utm_medium=android_app,https://www.facebook.com/profile.php?id=100004052610276
228,https://www.linkedin.com/in/ali-omar-028532219?utm_source=share&utm_campaign=share_via&utm_content=profile&utm_medium=android_app,https://www.facebook.com/bassma.bassm.122
229,https://www.linkedin.com/in/reham-essam-7204a71a3/,https://www.facebook.com/profile.php?id=100004052610276
230,https://www.linkedin.com/in/basma-bassem-909466204/,https://www.facebook.com/bassma.bassm.123
231,https://www.linkedin.com/in/ahmed-marzouk-53b954275?utm_source=share&utm_campaign=share_via&utm_content=profile&utm_medium=android_app,https://www.facebook.com/profile.php?id=100004052610276
232,https://www.linkedin.com/in/ali-omar-028532219?utm_source=share&utm_campaign=share_via&utm_content=profile&utm_medium=android_app,https://www.facebook.com/bassma.bassm.124
233,https://www.linkedin.com/in/reham-essam-7204a71a3/,https://www.facebook.com/profile.php?id=100004052610276
234,https://www.linkedin.com/in/basma-bassem-909466204/,https://www.facebook.com/bassma.bassm.125
235,https://www.linkedin.com/in/ahmed-marzouk-53b954275?utm_source=share&utm_campaign=share_via&utm_content=profile&utm_medium=android_app,https://www.facebook.com/profile.php?id=100004052610276
236,https://www.linkedin.com/in/ali-omar-028532219?utm_source=share&utm_campaign=share_via&utm_content=profile&utm_medium=android_app,https://www.facebook.com/bassma.bassm.126
237,https://www.linkedin.com/in/reham-essam-7204a71a3/,https://www.facebook.com/profile.php?id=100004052610276
238,https://www.linkedin.com/in/basma-bassem-909466204/,https://www.facebook.com/bassma.bassm.127
239,https://www.linkedin.com/in/ahmed-marzouk-53b954275?utm_source=share&utm_campaign=share_via&utm_content=profile&utm_medium=android_app,https://www.facebook.com/profile.php?id=100004052610276
240,https://www.linkedin.com/in/ali-omar-028532219?utm_source=share&utm_campaign=share_via&utm_content=profile&utm_medium=android_app,https://www.facebook.com/bassma.bassm.128
241,https://www.linkedin.com/in/reham-essam-7204a71a3/,https://www.facebook.com/profile.php?id=100004052610276
242,https://www.linkedin.com/in/basma-bassem-909466204/,https://www.facebook.com/bassma.bassm.129
243,https://www.linkedin.com/in/ahmed-marzouk-53b954275?utm_source=share&utm_campaign=share_via&utm_content=profile&utm_medium=android_app,https://www.facebook.com/profile.php?id=100004052610276
244,https://www.linkedin.com/in/ali-omar-028532219?utm_source=share&utm_campaign=share_via&utm_content=profile&utm_medium=android_app,https://www.facebook.com/bassma.bassm.130
245,https://www.linkedin.com/in/reham-essam-7204a71a3/,https://www.facebook.com/profile.php?id=100004052610276
246,https://www.linkedin.com/in/basma-bassem-909466204/,https://www.facebook.com/bassma.bassm.131
247,https://www.linkedin.com/in/ahmed-marzouk-53b954275?utm_source=share&utm_campaign=share_via&utm_content=profile&utm_medium=android_app,https://www.facebook.com/profile.php?id=100004052610276
248,https://www.linkedin.com/in/ali-omar-028532219?utm_source=share&utm_campaign=share_via&utm_content=profile&utm_medium=android_app,https://www.facebook.com/bassma.bassm.132
249,https://www.linkedin.com/in/reham-essam-7204a71a3/,https://www.facebook.com/profile.php?id=100004052610276
250,https://www.linkedin.com/in/basma-bassem-909466204/,https://www.facebook.com/bassma.bassm.133
251,https://www.linkedin.com/in/ahmed-marzouk-53b954275?utm_source=share&utm_campaign=share_via&utm_content=profile&utm_medium=android_app,https://www.facebook.com/profile.php?id=100004052610276
252,https://www.linkedin.com/in/ali-omar-028532219?utm_source=share&utm_campaign=share_via&utm_content=profile&utm_medium=android_app,https://www.facebook.com/bassma.bassm.134
253,https://www.linkedin.com/in/reham-essam-7204a71a3/,https://www.facebook.com/profile.php?id=100004052610276
254,https://www.linkedin.com/in/basma-bassem-909466204/,https://www.facebook.com/bassma.bassm.135
255,https://www.linkedin.com/in/ahmed-marzouk-53b954275?utm_source=share&utm_campaign=share_via&utm_content=profile&utm_medium=android_app,https://www.facebook.com/profile.php?id=100004052610276
256,https://www.linkedin.com/in/ali-omar-028532219?utm_source=share&utm_campaign=share_via&utm_content=profile&utm_medium=android_app,https://www.facebook.com/bassma.bassm.136
257,https://www.linkedin.com/in/reham-essam-7204a71a3/,https://www.facebook.com/profile.php?id=100004052610276
258,https://www.linkedin.com/in/basma-bassem-909466204/,https://www.facebook.com/bassma.bassm.137
259,https://www.linkedin.com/in/ahmed-marzouk-53b954275?utm_source=share&utm_campaign=share_via&utm_content=profile&utm_medium=android_app,https://www.facebook.com/profile.php?id=100004052610276
260,https://www.linkedin.com/in/ali-omar-028532219?utm_source=share&utm_campaign=share_via&utm_content=profile&utm_medium=android_app,https://www.facebook.com/bassma.bassm.138
261,https://www.linkedin.com/in/reham-essam-7204a71a3/,https://www.facebook.com/profile.php?id=100004052610276
262,https://www.linkedin.com/in/basma-bassem-909466204/,https://www.facebook.com/bassma.bassm.139
263,https://www.linkedin.com/in/ahmed-marzouk-53b954275?utm_source=share&utm_campaign=share_via&utm_content=profile&utm_medium=android_app,https://www.facebook.com/profile.php?id=100004052610276
264,https://www.linkedin.com/in/ali-omar-028532219?utm_source=share&utm_campaign=share_via&utm_content=profile&utm_medium=android_app,https://www.facebook.com/bassma.bassm.140
265,https://www.linkedin.com/in/reham-essam-7204a71a3/,https://www.facebook.com/profile.php?id=100004052610276
266,https://www.linkedin.com/in/basma-bassem-909466204/,https://www.facebook.com/bassma.bassm.141
267,https://www.linkedin.com/in/ahmed-marzouk-53b954275?utm_source=share&utm_campaign=share_via&utm_content=profile&utm_medium=android_app,https://www.facebook.com/profile.php?id=100004052610276
268,https://www.linkedin.com/in/ali-omar-028532219?utm_source=share&utm_campaign=share_via&utm_content=profile&utm_medium=android_app,https://www.facebook.com/bassma.bassm.142
269,https://www.linkedin.com/in/reham-essam-7204a71a3/,https://www.facebook.com/profile.php?id=100004052610276
270,https://www.linkedin.com/in/basma-bassem-909466204/,https://www.facebook.com/bassma.bassm.143
271,https://www.linkedin.com/in/ahmed-marzouk-53b954275?utm_source=share&utm_campaign=share_via&utm_content=profile&utm_medium=android_app,https://www.facebook.com/profile.php?id=100004052610276
272,https://www.linkedin.com/in/ali-omar-028532219?utm_source=share&utm_campaign=share_via&utm_content=profile&utm_medium=android_app,https://www.facebook.com/bassma.bassm.144
273,https://www.linkedin.com/in/reham-essam-7204a71a3/,https://www.facebook.com/profile.php?id=100004052610276
274,https://www.linkedin.com/in/basma-bassem-909466204/,https://www.facebook.com/bassma.bassm.145
275,https://www.linkedin.com/in/ahmed-marzouk-53b954275?utm_source=share&utm_campaign=share_via&utm_content=profile&utm_medium=android_app,https://www.facebook.com/profile.php?id=100004052610276
276,https://www.linkedin.com/in/ali-omar-028532219?utm_source=share&utm_campaign=share_via&utm_content=profile&utm_medium=android_app,https://www.facebook.com/bassma.bassm.146
277,https://www.linkedin.com/in/reham-essam-7204a71a3/,https://www.facebook.com/profile.php?id=100004052610276
278,https://www.linkedin.com/in/basma-bassem-909466204/,https://www.facebook.com/bassma.bassm.147
279,https://www.linkedin.com/in/ahmed-marzouk-53b954275?utm_source=share&utm_campaign=share_via&utm_content=profile&utm_medium=android_app,https://www.facebook.com/profile.php?id=100004052610276
280,https://www.linkedin.com/in/ali-omar-028532219?utm_source=share&utm_campaign=share_via&utm_content=profile&utm_medium=android_app,https://www.facebook.com/bassma.bassm.148
281,https://www.linkedin.com/in/reham-essam-7204a71a3/,https://www.facebook.com/profile.php?id=100004052610276
282,https://www.linkedin.com/in/basma-bassem-909466204/,https://www.facebook.com/bassma.bassm.149
283,https://www.linkedin.com/in/ahmed-marzouk-53b954275?utm_source=share&utm_campaign=share_via&utm_content=profile&utm_medium=android_app,https://www.facebook.com/profile.php?id=100004052610276
284,https://www.linkedin.com/in/ali-omar-028532219?utm_source=share&utm_campaign=share_via&utm_content=profile&utm_medium=android_app,https://www.facebook.com/bassma.bassm.150
285,https://www.linkedin.com/in/reham-essam-7204a71a3/,https://www.facebook.com/profile.php?id=100004052610276
286,https://www.linkedin.com/in/basma-bassem-909466204/,https://www.facebook.com/bassma.bassm.151
287,https://www.linkedin.com/in/ahmed-marzouk-53b954275?utm_source=share&utm_campaign=share_via&utm_content=profile&utm_medium=android_app,https://www.facebook.com/profile.php?id=100004052610276
288,https://www.linkedin.com/in/ali-omar-028532219?utm_source=share&utm_campaign=share_via&utm_content=profile&utm_medium=android_app,https://www.facebook.com/bassma.bassm.152
289,https://www.linkedin.com/in/reham-essam-7204a71a3/,https://www.facebook.com/profile.php?id=100004052610276
290,https://www.linkedin.com/in/basma-bassem-909466204/,https://www.facebook.com/bassma.bassm.153
291,https://www.linkedin.com/in/ahmed-marzouk-53b954275?utm_source=share&utm_campaign=share_via&utm_content=profile&utm_medium=android_app,https://www.facebook.com/profile.php?id=100004052610276
292,https://www.linkedin.com/in/ali-omar-028532219?utm_source=share&utm_campaign=share_via&utm_content=profile&utm_medium=android_app,https://www.facebook.com/bassma.bassm.154
293,https://www.linkedin.com/in/reham-essam-7204a71a3/,https://www.facebook.com/profile.php?id=100004052610276
294,https://www.linkedin.com/in/basma-bassem-909466204/,https://www.facebook.com/bassma.bassm.155
295,https://www.linkedin.com/in/ahmed-marzouk-53b954275?utm_source=share&utm_campaign=share_via&utm_content=profile&utm_medium=android_app,https://www.facebook.com/profile.php?id=100004052610276
296,https://www.linkedin.com/in/ali-omar-028532219?utm_source=share&utm_campaign=share_via&utm_content=profile&utm_medium=android_app,https://www.facebook.com/bassma.bassm.156
297,https://www.linkedin.com/in/reham-essam-7204a71a3/,https://www.facebook.com/profile.php?id=100004052610276
298,https://www.linkedin.com/in/basma-bassem-909466204/,https://www.facebook.com/bassma.bassm.157
299,https://www.linkedin.com/in/ahmed-marzouk-53b954275?utm_source=share&utm_campaign=share_via&utm_content=profile&utm_medium=android_app,https://www.facebook.com/profile.php?id=100004052610276
300,https://www.linkedin.com/in/ali-omar-028532219?utm_source=share&utm_campaign=share_via&utm_content=profile&utm_medium=android_app,https://www.facebook.com/bassma.bassm.158
301,https://www.linkedin.com/in/reham-essam-7204a71a3/,https://www.facebook.com/profile.php?id=100004052610276
302,https://www.linkedin.com/in/basma-bassem-909466204/,https://www.facebook.com/bassma.bassm.159
303,https://www.linkedin.com/in/ahmed-marzouk-53b954275?utm_source=share&utm_campaign=share_via&utm_content=profile&utm_medium=android_app,https://www.facebook.com/profile.php?id=100004052610276
304,https://www.linkedin.com/in/ali-omar-028532219?utm_source=share&utm_campaign=share_via&utm_content=profile&utm_medium=android_app,https://www.facebook.com/bassma.bassm.160
305,https://www.linkedin.com/in/reham-essam-7204a71a3/,https://www.facebook.com/profile.php?id=100004052610276
306,https://www.linkedin.com/in/basma-bassem-909466204/,https://www.facebook.com/bassma.bassm.161
307,https://www.linkedin.com/in/ahmed-marzouk-53b954275?utm_source=share&utm_campaign=share_via&utm_content=profile&utm_medium=android_app,https://www.facebook.com/profile.php?id=100004052610276
308,https://www.linkedin.com/in/ali-omar-028532219?utm_source=share&utm_campaign=share_via&utm_content=profile&utm_medium=android_app,https://www.facebook.com/bassma.bassm.162
309,https://www.linkedin.com/in/reham-essam-7204a71a3/,https://www.facebook.com/profile.php?id=100004052610276
310,https://www.linkedin.com/in/basma-bassem-909466204/,https://www.facebook.com/bassma.bassm.163
311,https://www.linkedin.com/in/ahmed-marzouk-53b954275?utm_source=share&utm_campaign=share_via&utm_content=profile&utm_medium=android_app,https://www.facebook.com/profile.php?id=100004052610276
312,https://www.linkedin.com/in/ali-omar-028532219?utm_source=share&utm_campaign=share_via&utm_content=profile&utm_medium=android_app,https://www.facebook.com/bassma.bassm.164
313,https://www.linkedin.com/in/reham-essam-7204a71a3/,https://www.facebook.com/profile.php?id=100004052610276
314,https://www.linkedin.com/in/basma-bassem-909466204/,https://www.facebook.com/bassma.bassm.165
315,https://www.linkedin.com/in/ahmed-marzouk-53b954275?utm_source=share&utm_campaign=share_via&utm_content=profile&utm_medium=android_app,https://www.facebook.com/profile.php?id=100004052610276
316,https://www.linkedin.com/in/ali-omar-028532219?utm_source=share&utm_campaign=share_via&utm_content=profile&utm_medium=android_app,https://www.facebook.com/bassma.bassm.166
317,https://www.linkedin.com/in/reham-essam-7204a71a3/,https://www.facebook.com/profile.php?id=100004052610276
318,https://www.linkedin.com/in/basma-bassem-909466204/,https://www.facebook.com/bassma.bassm.167
319,https://www.linkedin.com/in/ahmed-marzouk-53b954275?utm_source=share&utm_campaign=share_via&utm_content=profile&utm_medium=android_app,https://www.facebook.com/profile.php?id=100004052610276
320,https://www.linkedin.com/in/ali-omar-028532219?utm_source=share&utm_campaign=share_via&utm_content=profile&utm_medium=android_app,https://www.facebook.com/bassma.bassm.168
321,https://www.linkedin.com/in/reham-essam-7204a71a3/,https://www.facebook.com/profile.php?id=100004052610276
322,https://www.linkedin.com/in/basma-bassem-909466204/,https://www.facebook.com/bassma.bassm.169
323,https://www.linkedin.com/in/ahmed-marzouk-53b954275?utm_source=share&utm_campaign=share_via&utm_content=profile&utm_medium=android_app,https://www.facebook.com/profile.php?id=100004052610276
324,https://www.linkedin.com/in/ali-omar-028532219?utm_source=share&utm_campaign=share_via&utm_content=profile&utm_medium=android_app,https://www.facebook.com/bassma.bassm.170
325,https://www.linkedin.com/in/reham-essam-7204a71a3/,https://www.facebook.com/profile.php?id=100004052610276
326,https://www.linkedin.com/in/basma-bassem-909466204/,https://www.facebook.com/bassma.bassm.171
327,https://www.linkedin.com/in/ahmed-marzouk-53b954275?utm_source=share&utm_campaign=share_via&utm_content=profile&utm_medium=android_app,https://www.facebook.com/profile.php?id=100004052610276
328,https://www.linkedin.com/in/ali-omar-028532219?utm_source=share&utm_campaign=share_via&utm_content=profile&utm_medium=android_app,https://www.facebook.com/bassma.bassm.172
329,https://www.linkedin.com/in/reham-essam-7204a71a3/,https://www.facebook.com/profile.php?id=100004052610276
330,https://www.linkedin.com/in/basma-bassem-909466204/,https://www.facebook.com/bassma.bassm.173
331,https://www.linkedin.com/in/ahmed-marzouk-53b954275?utm_source=share&utm_campaign=share_via&utm_content=profile&utm_medium=android_app,https://www.facebook.com/profile.php?id=100004052610276
332,https://www.linkedin.com/in/ali-omar-028532219?utm_source=share&utm_campaign=share_via&utm_content=profile&utm_medium=android_app,https://www.facebook.com/bassma.bassm.174
333,https://www.linkedin.com/in/reham-essam-7204a71a3/,https://www.facebook.com/profile.php?id=100004052610276
334,https://www.linkedin.com/in/basma-bassem-909466204/,https://www.facebook.com/bassma.bassm.175
335,https://www.linkedin.com/in/ahmed-marzouk-53b954275?utm_source=share&utm_campaign=share_via&utm_content=profile&utm_medium=android_app,https://www.facebook.com/profile.php?id=100004052610276
336,https://www.linkedin.com/in/ali-omar-028532219?utm_source=share&utm_campaign=share_via&utm_content=profile&utm_medium=android_app,https://www.facebook.com/bassma.bassm.176
337,https://www.linkedin.com/in/reham-essam-7204a71a3/,https://www.facebook.com/profile.php?id=100004052610276
338,https://www.linkedin.com/in/basma-bassem-909466204/,https://www.facebook.com/bassma.bassm.177
339,https://www.linkedin.com/in/ahmed-marzouk-53b954275?utm_source=share&utm_campaign=share_via&utm_content=profile&utm_medium=android_app,https://www.facebook.com/profile.php?id=100004052610276
340,https://www.linkedin.com/in/ali-omar-028532219?utm_source=share&utm_campaign=share_via&utm_content=profile&utm_medium=android_app,https://www.facebook.com/bassma.bassm.178
341,https://www.linkedin.com/in/reham-essam-7204a71a3/,https://www.facebook.com/profile.php?id=100004052610276
342,https://www.linkedin.com/in/basma-bassem-909466204/,https://www.facebook.com/bassma.bassm.179
343,https://www.linkedin.com/in/ahmed-marzouk-53b954275?utm_source=share&utm_campaign=share_via&utm_content=profile&utm_medium=android_app,https://www.facebook.com/profile.php?id=100004052610276
344,https://www.linkedin.com/in/ali-omar-028532219?utm_source=share&utm_campaign=share_via&utm_content=profile&utm_medium=android_app,https://www.facebook.com/bassma.bassm.180
345,https://www.linkedin.com/in/reham-essam-7204a71a3/,https://www.facebook.com/profile.php?id=100004052610276
346,https://www.linkedin.com/in/basma-bassem-909466204/,https://www.facebook.com/bassma.bassm.181
347,https://www.linkedin.com/in/ahmed-marzouk-53b954275?utm_source=share&utm_campaign=share_via&utm_content=profile&utm_medium=android_app,https://www.facebook.com/profile.php?id=100004052610276
348,https://www.linkedin.com/in/ali-omar-028532219?utm_source=share&utm_campaign=share_via&utm_content=profile&utm_medium=android_app,https://www.facebook.com/bassma.bassm.182
349,https://www.linkedin.com/in/reham-essam-7204a71a3/,https://www.facebook.com/profile.php?id=100004052610276
350,https://www.linkedin.com/in/basma-bassem-909466204/,https://www.facebook.com/bassma.bassm.183
351,https://www.linkedin.com/in/ahmed-marzouk-53b954275?utm_source=share&utm_campaign=share_via&utm_content=profile&utm_medium=android_app,https://www.facebook.com/profile.php?id=100004052610276
352,https://www.linkedin.com/in/ali-omar-028532219?utm_source=share&utm_campaign=share_via&utm_content=profile&utm_medium=android_app,https://www.facebook.com/bassma.bassm.184
353,https://www.linkedin.com/in/reham-essam-7204a71a3/,https://www.facebook.com/profile.php?id=100004052610276
354,https://www.linkedin.com/in/basma-bassem-909466204/,https://www.facebook.com/bassma.bassm.185
355,https://www.linkedin.com/in/ahmed-marzouk-53b954275?utm_source=share&utm_campaign=share_via&utm_content=profile&utm_medium=android_app,https://www.facebook.com/profile.php?id=100004052610276
356,https://www.linkedin.com/in/ali-omar-028532219?utm_source=share&utm_campaign=share_via&utm_content=profile&utm_medium=android_app,https://www.facebook.com/bassma.bassm.186
357,https://www.linkedin.com/in/reham-essam-7204a71a3/,https://www.facebook.com/profile.php?id=100004052610276
358,https://www.linkedin.com/in/basma-bassem-909466204/,https://www.facebook.com/bassma.bassm.187
359,https://www.linkedin.com/in/ahmed-marzouk-53b954275?utm_source=share&utm_campaign=share_via&utm_content=profile&utm_medium=android_app,https://www.facebook.com/profile.php?id=100004052610276
360,https://www.linkedin.com/in/ali-omar-028532219?utm_source=share&utm_campaign=share_via&utm_content=profile&utm_medium=android_app,https://www.facebook.com/bassma.bassm.188
361,https://www.linkedin.com/in/reham-essam-7204a71a3/,https://www.facebook.com/profile.php?id=100004052610276
362,https://www.linkedin.com/in/basma-bassem-909466204/,https://www.facebook.com/bassma.bassm.189
363,https://www.linkedin.com/in/ahmed-marzouk-53b954275?utm_source=share&utm_campaign=share_via&utm_content=profile&utm_medium=android_app,https://www.facebook.com/profile.php?id=100004052610276
364,https://www.linkedin.com/in/ali-omar-028532219?utm_source=share&utm_campaign=share_via&utm_content=profile&utm_medium=android_app,https://www.facebook.com/bassma.bassm.190
365,https://www.linkedin.com/in/reham-essam-7204a71a3/,https://www.facebook.com/profile.php?id=100004052610276
366,https://www.linkedin.com/in/basma-bassem-909466204/,https://www.facebook.com/bassma.bassm.191
368,https://www.linkedin.com/in/ahmed-marzouk-53b954275?utm_source=share&utm_campaign=share_via&utm_content=profile&utm_medium=android_app,https://www.facebook.com/profile.php?id=100004052610276
369,https://www.linkedin.com/in/ali-omar-028532219?utm_source=share&utm_campaign=share_via&utm_content=profile&utm_medium=android_app,https://www.facebook.com/bassma.bassm.192
370,https://www.linkedin.com/in/reham-essam-7204a71a3/,https://www.facebook.com/profile.php?id=100004052610276
371,https://www.linkedin.com/in/basma-bassem-909466204/,https://www.facebook.com/bassma.bassm.193
372,https://www.linkedin.com/in/ahmed-marzouk-53b954275?utm_source=share&utm_campaign=share_via&utm_content=profile&utm_medium=android_app,https://www.facebook.com/profile.php?id=100004052610276
373,https://www.linkedin.com/in/ali-omar-028532219?utm_source=share&utm_campaign=share_via&utm_content=profile&utm_medium=android_app,https://www.facebook.com/bassma.bassm.194
374,https://www.linkedin.com/in/reham-essam-7204a71a3/,https://www.facebook.com/profile.php?id=100004052610276
375,https://www.linkedin.com/in/basma-bassem-909466204/,https://www.facebook.com/bassma.bassm.195
376,https://www.linkedin.com/in/ahmed-marzouk-53b954275?utm_source=share&utm_campaign=share_via&utm_content=profile&utm_medium=android_app,https://www.facebook.com/profile.php?id=100004052610276
377,https://www.linkedin.com/in/ali-omar-028532219?utm_source=share&utm_campaign=share_via&utm_content=profile&utm_medium=android_app,https://www.facebook.com/bassma.bassm.196
378,https://www.linkedin.com/in/reham-essam-7204a71a3/,https://www.facebook.com/profile.php?id=100004052610276
379,https://www.linkedin.com/in/basma-bassem-909466204/,https://www.facebook.com/bassma.bassm.197
380,https://www.linkedin.com/in/ahmed-marzouk-53b954275?utm_source=share&utm_campaign=share_via&utm_content=profile&utm_medium=android_app,https://www.facebook.com/profile.php?id=100004052610276
381,https://www.linkedin.com/in/ali-omar-028532219?utm_source=share&utm_campaign=share_via&utm_content=profile&utm_medium=android_app,https://www.facebook.com/bassma.bassm.198
382,https://www.linkedin.com/in/reham-essam-7204a71a3/,https://www.facebook.com/profile.php?id=100004052610276
383,https://www.linkedin.com/in/basma-bassem-909466204/,https://www.facebook.com/bassma.bassm.199
